wk0000i,Workshops at the ACM Web Conference 2026,Mohamed Reda Bouadjenek:Deakin University;Danai Koutra:University of Michigan
wk0100i,1st Workshop on Applied AI and Multimodal Visualization Technologies,"Cesar Sanin:Information Technology, International College of Management Sydney;Edward Szczerbicki:Gdansk University of Technology;Md Rafiqul Islam:Charles Darwin University"
wk0104,VOICY: A Privacy-Centric Modular Architecture for Zero-Shot Voice Cloning and Fine-Tuned Speech Synthesis,"Kushal Pokhrel:Business Information Systems, Australian Institute of Higher Education;Cesar Sanin:Information Technology, International College of Management Sydney;Md Kowsar Hossain Sakib:Taylor’s University;Edward Szczerbicki:Gdansk University of Technology"
wk0169,Bridging the Semantic Gap: A Homonym-Aware Ontology Platform for Cybersecurity Interoperability,"A B M Mehedi Hasan:School of Science and Technology, University of New England (AU);Ljiljana Brankovic:School of Science and Technology, University of New England (AU);Cesar Sanin:School of Science and Technology, University of New England (AU);David Paul:School of Science and Technology, University of New England (AU)"
wk0170,Spatial-Temporal Inference of Indoor RSSI and CQI for 3D Coverage Mapping using Dynamic Graph Attention Networks,"David Hason Rudd:Faculty of Engineering and Information Technology, University of Technology Sydney;A B M Mehedi Hasan:School of Science and Technology, University of New England (AU);Johan Sebastian Ramirez Vallejo:Australian Institute of Higher Education;Md. Rafiqul Islam:Faculty of Science and Technology, Charles Darwin University;Andrew Levula:Information Technology, Excelsia University College;Cesar Sanin:University of New England"
wk0171,Viet Medi Species 2026: A Web-Accessible Multilingual Dataset for Vietnamese Medicinal Biodiversity,Trien Phat Tran:The University of New England;Fareed Ud Din:The University of New England;Ljiljana Brankovic:The University of New England;Cesar Sanin:The University of New England;Susan M Hester:The University of New England
wk0174,From Dead Pixels to Editable Slides,"Leonardo Gonzalez:AI Center of Excellence, Trilogy"
wk0182,Robust Harmful Meme Detection under Missing Modalities via Shared Representation Learning,"Felix Breiteneder:Johannes Kepler University;Mohammad Belal:Aalto University;Muhammad Saad Saeed:University of Michigan;Shahed Masoudian:Johannes Kepler University;Usman Naseem:Macquarie University;Kulshrestha Juhi:Aalto University;Markus Schedl:Johannes Kepler University,Linz Institute of Technology;Shah Nawaz:Johannes Kepler University"
wk0200i,AiOfAi: 4th Workshop on Adverse Impacts and Collateral Effects of Artificial Intelligence Technologies,Esma Aïmeur:Université de Montréal;Rim Ben Salem:Polytechnique Montréal;Dorsaf Sallami:Université de Montréal;Julita Vassileva:University of Saskatchewan;Nora Boulahia-Cuppens:Polytechnique Montréal
wk0201,Prompt Scene Investigation: Uncovering the Evidence in LLMs,Lidaw Fabrice Ledjaki:Université de Montréal;Yuan-Chen Chang:Université de Montréal;Mohamed Loutis:Université de Montréal;Esma Aïmeur:Université de Montréal
wk0202s,DEMO: Ontology-Based Automated Security Analysis for AI Systems and Applications,Jonathan Roy:Université du Québec à Chicoutimi;Lina Rashdan:The George Washington University;Fehmi Jaafar:Université du Québec à Chicoutimi
wk0203,Industrialized Deception: The Collateral Effects of LLM-Generated Misinformation on Digital Ecosystems,"Alexander Loth:Frankfurt University of Applied Sciences;Martin Kappes:Frankfurt University of Applied Sciences;Marc-Oliver Pahl:IMT Atlantique, UMR IRISA, Chaire Cyber CNI"
wk0230,An Interpretable AI Decision-Support System for Early-Stage Hiring,"Vira Filatova:Applied Artificial Intelligence, Covijn Ltd.;Andrii Zelenchuk:Artificial Intelligence and Computer Vision, Aimech Technologies Corp.;Dmytro Filatov:Artificial Intelligence and Computer Vision, Aimech Technologies Corp."
wk0295,Blockchain and DID Integration for an Investigation System,"Jyotibha R Chinchankar,Gautham P Kini,Rakshitha M M,Shreya Rao,Niranjan J H"
wk0295s,Blockchain and DID Integration for an Investigation System,"Jyotibha R Chinchankar,Gautham P Kini,Rakshitha M M,Shreya Rao,Niranjan J H"
wk0296,Age Classification in Child Sexual Abuse Materials,Michał Koźbiał:NASK National Research Institute;Mateusz Kowalczyk:NASK National Research Institute
wk0297s,"The More You Say, the More You Risk: Ethical Concerns in Large Language Model Reasoning Frameworks","Jinman Zhao:Department  of  Computer Science, University of Toronto;Linbo Cao:Faculty of Mathematics, University of Waterloo;Xueyan Zhang:Department of Computer Science, University of Waterloo;Ken Shi:Department  of  Computer Science, University of Toronto;Yining Wang:Department of Electrical and Computer Engineering, University of Toronto;Gerald Penn:Department  of  Computer Science, University of Toronto"
wk0298s,The Agentic Insider: Redefining Insider Threats Beyond Human Actors in Autonomous AI Systems,"Christian Kengne:GIGL (Génie informatique et Génie logiciel), Polytechnique Montréal"
wk0299,Assessing the Reliability of Persona-Conditioned LLMs as Synthetic Survey Respondents,"Erika Elizabeth Taday Morocho:IIT-CNR,University of Pisa;Lorenzo Cima:IIT-CNR,University of Pisa;Tiziano Fagni:IIT-CNR;Marco Avvenuti:University of Pisa;Stefano Cresci:IIT-CNR"
wk0300i,Augmented Intelligence in Technology-Assisted Review Systems (ALTARS 2026),"Giorgio Maria Di Nunzio:Department of Information Engineering, University of Padua;Evangelos Kanoulas:University of Amsterdam;Prasenjit Majumder:Dhirubhai Ambani Institute of Information and Communication Technology"
wk0364,Early Recall Estimation and Stopping in Technology-Assisted Reviews via Ranker-Sampler Fusion,"Giorgio Maria Di Nunzio:Department of Information Engineering, University of Padua"
wk0381s,Deep GraphRAG: A Balanced Approach to Hierarchical Retrieval and Adaptive Integration,Yuejie Li:Ant Group;Ke Yang:Ant Group;Tao Wang:Zhejiang University;Bolin Chen:Ant Group;Bowen Li:Ant Group;Chengjun Mao:Ant Group
wk0386s,Train Large-Use Small: Optimizing within the Theoretical Limits of Embedding-based Retrieval,Sourav Dutta:Huawei Research Centre
wk0387,Towards Automating Articles Screening Processes Using Chain-of-Thought Large Language Models,"Carlo Arpini:Department of Statistics and Quantitative Methods, University of Milano-Bicocca;Mirko Cesarini:Department of Statistics and Quantitative Methods, University of Milano-Bicocca;Emmanuele Lotano:Department of Statistics and Quantitative Methods, University of Milano-Bicocca"
wk0388,Terminology-Aware Hybrid Retrieval for Legal Technology-Assisted Review with Confidence-Controlled Screening,Prakhar Rai
wk0400i,6th International Workshop on Computational Methods for Online Discourse Analysis (BeyondFacts'26),Konstantin Todorov:LIRMM / CNRS;Stefan Dietze:GESIS;Dimitar Dimitrov:GESIS;Pavlos Fafalios:Technical University of Crete and FORTH-ICS
wk0402,Mitigating Multiview Social Biases from Classifiers Trained for Toxicity Identification,"Muhammad Haseeb Ashraf:Department of Computer Science, Information Technology University of the Punjab;Sameen Mansha:Department of Computing and Learning Systems, KTH Royal Institute of Technology;Faisal Kamiran:Department of Computer Science, Information Technology University of the Punjab"
wk0409s,EmeraldApp: An AI-Driven Tool for Detecting Greenwashing in Sustainability Claims,"Georgios Kaoukis:Archimedes, Athena Research Center;Ioannis-Aris Koufopoulos:Archimedes, Athena Research Center;Eleni Psaroudaki:Archimedes, Athena Research Center;Danae Pla Karidi:Archimedes, Athena Research Center;Evaggelia Pitoura:University of Ioannina,Archimedes, Athena Research Center;George Papastefanatos:IMSI, Athena Research Center;Panayiotis Tsaparas:University of Ioannina,Archimedes, Athena Research Center"
wk0434,Towards Understanding Professional AI Assistant Use: Human-in-the-Loop Topic Modeling of Multi-turn Conversations,Yiyi Chen:Aalborg University;Sukhumarn Archasantisuk:Independent Consultant;Johannes Bjerva:Aalborg University
wk0440,Proactive Misinformation Forecasting via Incremental Topic Detection and Sentiment Polarization,"Carmela Comito:Institute for High Performance Computing and Networking (ICAR), National Research Council of Italy (CNR);Annalisa Socievole:Institute for High Performance Computing and Networking (ICAR), National Research Council of Italy (CNR);Ester Zumpano:DIMES, University of Calabria"
wk0442,From Fiction to Claim: Contextual Identifiability in LLM-Generated Discourse,Manodnya K H:University of Colorado Boulder;Ameya Bhat:University of Colorado Boulder
wk0500,DHOW-MiLLA: Joint Workshop on Diffusion of Harmful Content on Online Web and Countering Misinformation in the Age of LLMs and Agents,"Gautam Kishore Shahi,Thomas Mandl,Haiming Liu,Amit Kumar Jaiswal,Durgesh Nandini,Luis-Daniel Ibáñez,Junichi Suga,Dai Yamamoto,Rahul Mishra,Rajakrishnan P Rajkumar,Sagar Uprety,Bornali Phukon,Sujit Kumar"
wk0541,Deception Factories: Industrial-Scale Cloaking in Harmful Synthetic Media,"Ewelina Bartuzi-Trokielewicz:NASK - National Research Institute;Alicja Martinek:AGH University of Kraków,NASK - National Research Institute;Mateusz Trokielewicz:Warsaw University of Technology"
wk0542,RAMA: Retrieval-Augmented Multi-Agent Framework for Misinformation Detection in Multimodal Fact-Checking,Shuo Yang:The University of Hong Kong;Zijian Yu:Ant Group;Zhenzhe Ying:Ant Group;Yuqin Dai:Ant Group;Guoqing Wang:Ant Group;Jun Lan:Ant Group;Jinfeng Xu:The University of Hong Kong;Jinze Li:The University of Hong Kong;Edith C.H. Ngai:The University of Hong Kong
wk0543,ToxiTwitch: Toward Emote-Aware Hybrid Moderation for Live Streaming Platforms,Baktash Ansari:University of Washington;Elias Martin:University of Washington;Afra Mashhadi:University of Washington
wk0544,Context-Aware Silhouette-Based Age Estimation for Child Sexual Abuse Material (CSAM) Detection,Michał Koźbiał:NASK - National Research Institute;Ewelina Bartuzi-Trokielewicz:NASK - National Research Institute
wk0545s,Exploring the Domain Sensitivity of AI Chatbots in Correcting Misinformation,"Mihir Pandey:Department of Humanistic Studies, Indian Institute of Technology (Banaras Hindu University);Shail Shankar:Department of Humanistic Studies, Indian Institute of Technology (Banaras Hindu University);Suyash Mishra:Department of Humanities and Social Sciences, Indian Institute of Management Indore"
wk0546s,Amplified Adversarial Vulnerabilities in Multi-Agent LLM Systems Despite Safety Tuning,"Nikhil Pathiyil,Jatin Garg,Talib Siddiqiu,Mustafa Saify,Amit Agarwal"
wk0547s,Beyond Detection: An Epistemic Limit of Purely Computational Misinformation Defense,"Farhana Ferdousi Liza:School of Computing Sciences, University of East Anglia"
wk0548,FinRed: Unmasking Implicit Financial Toxicity and Regulatory Evasion in Large Language Models,"Pulkit Chatwal,Amit Agarwal"
wk0549,On VLMs for Diverse Tasks in Multimodal Meme Classification,Deepesh Gavit:IISER Bhopal;Gaurav Kumar:IISER Bhopal;Debajyoti Mazumder:IISER Bhopal;Samiran Das:IISER Bhopal;Jasabanta Patro:IISER Bhopal
wk0550,An Interpretable Agentic Framework for Multimodal Hate Video Analysis with Explicit Evidence Attribution,"Ashok Yadav:Department of Information Technology, Indian Institute of Information Technology Allahabad;Vrijendra Singh:Department of Information Technology, Indian Institute of Information Technology Allahabad"
wk0551s,Trustworthy or Just Lucky? Composite Trust Scoring for Behavioral Evaluation of LLM Agents,"Punit Maheshwari,Mustafa Saify,Amit Agarwal"
wk0552,From Generation to Detection: Leveraging Empirically Derived Linguistic Hints for LLM-Based Fake News Detection,Piyush Ghasiya:Institute of Science Tokyo;Kazutoshi Sasahara:Institute of Science Tokyo
wk0553,From Prompts to Trajectories: Semantic Guardrails for Information Integrity in LLMs,Manodyna K H
wk0600i,The 1st International Workshop on Foundations and Architectures for the Agentic Web,Yacine Sam:University of Tours;Boualem Benatallah:Dublin City University;Abderrahmane Maaradji:University of Doha for Science and Technology;Fatma Outay:Zayed University;Sabrina Senatore:University of Salerno;Abul Ehtesham:Kent State University;Aditi Singh:Cleveland State University;Luca Muscariello:Cisco Systems;Pradyumna Chari:MIT Media Lab;Ramesh Raskar:MIT Media Lab
wk0602k,Foundations for the Agentic Web: Networked AI Agents in a Decentralized Architecture (NANDA),Ramesh Raskar
wk0603s,Real-Time Procedural Learning From Experience for AI Agents,Dasheng Bi:Altrina;Yubin Hu:Altrina;Mohammed N. Nasir:Altrina
wk0614s,SemaReg: Semantic Service Registry for Resilient IoTWorkflow Orchestration in Edge Computing Environments,Iacovos Ioannou:European University Cyprus / University of Cyprus / RISE;Ala Khalifeh:German Jordanian University
wk0624s,On the Economic and Governance Mechanisms for the Agentic Web: A Global South Perspective,Diogo Cortiz:NIC.br / PUC-SP;Beatriz Rocha:NIC.br;Vagner Figueredo de Santana:NIC.br;Henrique S. Xavier:NIC.br;Jacqueline Custodio:NIC.br
wk0654s,An Agentic System for Automated Polymer Property Prediction in Low-Code Environments,"Djamel-Eddine Louhbaibat:LIRIS CNRS UMR 5205, Université Claude Bernard Lyon 1;Juba Agoun:Laboratoire ERIC, Université Lumière Lyon 2;Mohand-Saïd Hacid:LIRIS CNRS UMR 5205, Université Claude Bernard Lyon 1"
wk0654s,An Agentic System for Automated Polymer Property Prediction in Low-Code Environments,"Djamel-Eddine Louhbaibat:LIRIS CNRS UMR 5205, Université Claude Bernard Lyon 1;Juba Agoun:Laboratoire ERIC, Université Lumière Lyon 2;Mohand-Saïd Hacid:LIRIS CNRS UMR 5205, Université Claude Bernard Lyon 1"
wk0658s,"Can Large Language Models Govern Themselves? A Technical, Ethical, and Governance Perspective",Djallel Bouneffouf:IBM Research
wk0659s,A Prompt-Aware Structuring Framework for Reliable Reuse of AI-Generated Content in the Agentic Web,Shusaku Egami:National Institute of Advanced Industrial Science and Technology (AIST);Masahiro Hamasaki:National Institute of Advanced Industrial Science and Technology (AIST)
wk0660s,"WAB: Overcoming Memory, Network, and Security Walls in Native Agentic Browsers with WebAssembly","Mugeng Liu:School of Computer Science, Peking University;Shuoqi Li:School of Software & Microelectronics, Peking University;Qi Yang:Institute for Artificial Intelligence, Peking University;Yun Ma:Institute for Artificial Intelligence, Peking University"
wk0661s,How to Measure Node Importance in the Agentic Web,"Ivan Samoylenko:T-Technologies, MIRAI, HSE;Elizaveta Pribytkova:T-Technologies, MIRAI, SPBSU"
wk0700,Future of Information Integrity Research (FIIR) Workshop,"Taylor Lynn Curtis:Mila;Reihaneh Rabbany:McGill University,Mila;Catherine Regis:University of Montreal,Mila;Hause Lin:MIT,The World Bank;Jean-François Godbout:Université de Montréal,Mila;Nikki G. Lobczowski:University of Pittsburgh;Bijean Ghafouri:University of Southern California;Kellin Pelrine:FAR.AI;Aisha Gurung:University of Bath;Maximilian Puelma Touzel:Mila"
wk0800,FL@FM-TheWebConf’26: The 3rd International Workshop on Federated Foundation Models for the Web,"Irwin King:Department of Computer Science and Engineering, The Chinese University of Hong Kong;Guodong Long:Faculty of Engineering and IT, University of Technology, Sydney;Zenglin Xu:Artificial Intelligence Innovation and Incubation Institute, Fudan University;Han Yu:College of Computing and Data Science, Nanyang Technological University;Xiaoli Tang:College of Computing and Data Science, Nanyang Technological University;Liping Yi:College of Artificial Intelligence, Tianjin University"
wk0803,TinyGuard: A Lightweight Byzantine Defense for Resource-Constrained Federated Learning via Statistical Update Fingerprints,"Ali Mahdavi:Department of Computer Engineering, SRC, Islamic Azad University;Sana Aghapour:Department of Data Science, Tarbiat Modares University;Azadeh Zamanifar:Department of Computer Engineering, SRC, Islamic Azad University;Amirfarhad Farhadi:School of Computer Engineering, Iran University of Science and Technology"
wk0805,FedUMM: A General Framework for Federated Learning with Unified Multimodal Models,Zhaolong Su:William and Mary;Leheng Zhao:William and Mary;Xiaoying Wu:William and Mary;Ziyue Xu:NVidia;Jindong Wang:William and Mary
wk0900i,Graph-enhanced LLMs for TrustwOrthy Web Data Management,"Gianluca Bonifazi:Marche Polytechnic University;Stefano Cirillo:University of Salerno;Eliana Pastor:Department of Control and Computer Engineering, Polytechnic University of Turin;Luca Virgili:Marche Polytechnic University"
wk0951,GAIMP: Clinical Text Sanitization via Agent-Based Generative Anonymization,Maurizio Atzori:University of Cagliari;Stefano Cirillo:University of Salerno;Alessandro Pani:University of Cagliari;Giuseppe Polese:University of Salerno;Giandomenico Solimando:University of Salerno
wk0952,CGCT: Causal Graph-RAG with Chain-of-Thought Guided Retrieval for Complex Reasoning,"Hang Luo,Xiaoxiao Yu,Chujun Li"
wk0953,SMART: Spatio-Temporal Attention-based Large Language Model for Real-Time Traffic Prediction,"Srestha Sadhu:Computer Science and Engineering, National Institute of Technology Durgapur;Deepanwita Mallick:Computer Science and Engineering, National Institute of Technology Durgapur;Mariana Curado Malta:INESC TEC, Faculty Of Engineering, University of Porto;Amrita Namtirtha:Computer Science and Engineering, JIS College of Engineering, Kalyani;Animesh Dutta:Computer Science and Engineering, National Institute of Technology Durgapur;Nilabza Som:Google"
wk0954s,Incorporating Graph-Constrained RAG Pipeline for Medicine data,"Shilpa Verma:Department of Computer Science and Engineering, Punjab Engineering College;Rishit Sharma:Department of Computer Science and Engineering, Punjab Engineering College"
wk0954s,Incorporating Graph-Constrained RAG Pipeline for Medicine data,"Shilpa Verma:Department of Computer Science and Engineering, Punjab Engineering College;Rishit Sharma:Department of Computer Science and Engineering, Punjab Engineering College"
wk0955,ConceptFormer: Towards Graph-Native Grounding of Large Language Models via Latent Concept Injection,"Joel Barmettler:University of Zurich UZH;Abraham Bernstein:Department of Informatics, University of Zurich;Luca Rossetto:School of Computing, Dublin City University"
wk0956,Self-Directed Skill Calls in LLMs,Dhaval Mavani
wk0957,"Better Negatives, Better Predictions: Negative Sample Selection Strategies for Enhancing Biomedical KG Edge Classification","Emanuele Cavalleri:Department of Computer Science, University of Milano;Miad Alavinezhad:Department of Computer Science, University of Milano;Marco Mesiti:Department of Computer Science, University of Milano;Dario Malchiodi:Department of Computer Science, University of Milano"
wk0958,(wt) GC-DPG: Graph-Constrained Dual-Phase Generation for Safe and Verifiable Chinese Medical Question Answering,Haihua Xie:Beijing Institute of Mathematical Sciences and Applications (BIMSA);Miao He:Beijing Institute of Mathematical Sciences and Applications (BIMSA)
wk0959,ReGA: Zero-Overhead Graph Alignment for Structural Hallucination Detection Without Generation,Valentin Noël:Devoteam;Elimane Yassine Seidou:Devoteam
wk0960,Reasoning in Trees: Improving Retrieval-Augmented Generation for Multi-Hop Question Answering,"Yuling Shi:Shanghai Jiao Tong University;Maolin Sun:Shandong University;Zijun Liu:iAuto (Shanghai) Co., Ltd.;Mo Yang:Sun Yat-sen University, DeepSpring Tech (Guangzhou) Technology Co., LTD.;Yixiong Fang:Carnegie Mellon University;Tianran Sun:Shanghai Jiao Tong University;Xiaodong Gu:Shanghai Jiao Tong University"
wk1000i,The 2nd Workshop on Human-Centered Recommender Systems,"Kaike Zhang:University of Chinese Academy of Sciences;Jiakai Tang:Gaoling School of Artificial Intelligence, Renmin University of China;Du Su:Institute of Computing Technology, CAS;Shuchang Liu:Kuaishou;Julian McAuley:University of California, San Diego;Lina Yao:CSIRO Data61;Qi Cao:Institute of Computing Technology, CAS;Yue Feng:University of Birmingham;Fei Sun:University of Chinese Academy of Sciences"
wk1030,Post-Training Fairness Control: A Single-Train Framework for Dynamic Fairness in Recommendation,Weixin Chen:Hong Kong Baptist University;Li Chen:Hong Kong Baptist University;Yuhan Zhao:Hong Kong Baptist University
wk1031,RecoWorld: Building Simulated Environments for Agentic Recommender Systems,Fei Liu:Meta Platforms;Xinyu Lin:National University of Singapore;Hanchao Yu:Meta Platforms;Mingyuan Wu:University of Illinois;Jianyu Wang:Meta Platforms;Qiang Zhang:Meta Platforms;Zhuokai Zhao:Meta Platforms;Yinglong Xia:Meta Platforms;Yao Zhang:Meta Platforms;Weiwei Li:Meta Platforms;Mingze Gao:Meta Platforms;Qifan Wang:Meta Platforms;Lizhu Zhang:Meta Platforms;Benyu Zhang:Meta Platforms;Xiangjun Fan:Meta Platforms
wk1032,STCRank: Spatio-temporal Collaborative Ranking for Interactive Recommender System at Kuaishou E-shop,Boyang Xia:Kuaishou Technology;Ruilin Bao:Kuaishou Technology;Hanjun Jiang:Kuaishou Technology;Jun Wang:Kuaishou Technology;Wenwu Ou:Kuaishou Technology
wk1034,Human-Centered Agentic Orchestration for Educational Recommendations: A Multi-Agent Framework Prioritizing Learner Agency and Well-being,"Naina Chaturvedi:Computer Science, Rutgers University;Ananda Gunawardena:Computer Science, Rutgers University"
wk1036s,Fairness at a Glance: Can We Audit Model Fairness Before Training Completes?,"Yuanhao Liu:State Key Laboratory of AI Safety, Institute of Computing Technology, CAS;Qi Cao:State Key Laboratory of AI Safety, Institute of Computing Technology, CAS;Huawei Shen:State Key Laboratory of AI Safety, Institute of Computing Technology, CAS;Xueqi Cheng:State Key Laboratory of AI Safety, Institute of Computing Technology, CAS"
wk1037,Orthogonal Meta-learning Boosted Bayesian Optimization for Uncertain Multi-Objective Recommendation,"Hongxu Wang:Chongqing University;Yingpeng Du:Nanyang Technological University;Zhu Sun:Singapore University of Technology and Design;Lu Zhang:Chengdu University of Information Technology;Tiantian He:Agency for Science, Technology and Research;Yew-Soon Ong:Nanyang Technological University"
wk1039,Evaluating LLM Recommendations Under Stress,Mithun Rameshbabu:International Institute of Information Technology;Kamalakar Karlapalem:International Institute of Information Technology
wk1040,Beyond Engagement: A Human-Centered Evaluation Framework for LLM-Powered Recommender Systems,Shrinivass Arunachalam Balasubramanian:Independent Researcher
wk1043,Knowledge Graph Editing Model for Enhancing Recommendation Systems,"Weixuan Sun:Laboratory for Big Data and Decision, National University of Defense Technology;Yang Fang:National University of Defense Technology;Jiuyang Tang:Laboratory for Big Data and Decision, National University of Defense Technology;Hao Xu:Laboratory for Big Data and Decision, National University of Defense Technology;Bin Ge:Laboratory for Big Data and Decision, National University of Defense Technology"
wk1044s,Learning to Alleviate Familiarity Bias in Video Recommendation,Zheng Ren:Google LLC;Yi Wu:Google LLC;Jianan Lu:Google LLC;Acar Ary:Google LLC;Yiqu Liu:Google LLC;Li Wei:Google LLC;Lukasz Heldt:Google LLC
wk1100,LLM and Agents for Recommendation Systems (LARS),Keerthi Gopalakrishnan:Walmart;Qi Xu:Meta;Aysenur Inan:Walmart;Zhigang Hua:Meta;Luyi Ma:Walmart Labs;Prabhat Agarwal:OpenAI;Shuang Yang:Meta;Shradha Sehgal:Netflix;Hao Wang:Rutgers University;Kai Zhao:Workday;Yashar Deldjoo:Polytechnic Institute of Bari;Rong Jin:Twitter;Kamilia Ahmadi:Warner Bros Discovery;Luke Simon:Meta
wk1103,LLM-augmented Hybrid Recommendation System for Structured Classification of Customs Commodity Descriptions,Ivan P. Malashin:Bauman Moscow State Technical University;Igor S. Masich:Bauman Moscow State Technical University;Dmitry A. Martysyuk:Bauman Moscow State Technical University;Sergei O. Kurashkin:Bauman Moscow State Technical University;Aleksei S. Borodulin:Bauman Moscow State Technical University;Andrei P. Gantimurov:Bauman Moscow State Technical University;Vladimir A. Nelyub:Bauman Moscow State Technical University;Vadim S. Tynchenko:Bauman Moscow State Technical University
wk1104,HELM: A Human-Centered Evaluation Framework for LLM-Powered Recommender Systems,Sushant Mehta:Surge AI
wk1105,MATRAG: Multi-Agent Transparency-Enhanced Retrieval-Augmented Generation for Explainable Recommendations,Sushant Mehta
wk1106s,PCN-Rec: Agentic Proof-Carrying Negotiation for Reliable Governance-Constrained Recommendation,Aradhya Dixit:Wake Technical Community College;Shreem Dixit:University of North Carolina at Charlotte
wk1108,GALRec: Aligning Graph with Large Language Model for Sequential Recommendation,"He Lu:Nanyang Technological University,Beijing University of Aeronautics and Astronautics;Yanting Wang:Beijing University of Aeronautics and Astronautics;Haohua Du:Beihang University Hangzhou Innovation Institute;Yue Liu:Southeast University;Hanqing Yu:Beijing University of Aeronautics and Astronautics"
wk1111,Smart Book Seeker: Agent-Augmented Retrieval System for Metadata-Sparse Libraries,"Hao-Quan Liu:Department of Computer Science and Engineering, National Chung Hsing University,Smart Sustainable New Agriculture Research Center;Yao-Chung Fan:Department of Computer Science and Engineering, National Chung Hsing University,Smart Sustainable New Agriculture Research Center"
wk1113s,TCR: A Trust-Aligned Text-Only Cross-Attention Ranker Distilling Multimodal LLM Reasoning for Recommendation Agents,Liping Zhang:Adobe;Tracy Holloway King:Adobe
wk1115,Ethical Decision-Making under Moral Uncertainty,Djallel Bouneffouf:IBM Research
wk1116,"Triple Modality Fusion: Aligning Visual, Textual, and Graph Data for LLM-based Multi-Behavior Recommender Systems",Luyi Ma:Walmart Global Tech;Xiaohan Li:Walmart Global Tech;Zezhong Fan:Walmart Global Tech;Kai Zhao:Walmart Global Tech;Jianpeng Xu:Walmart Global Tech;Jason Cho:Walmart Global Tech;Praveen Kumar Kanumala:Walmart Global Tech;Kaushiki Nag:Walmart Global Tech;Evren Korpeoglu:Walmart Global Tech;Sushant Kumar:Walmart Global Tech;Kannan Achan:Walmart Global Tech
wk1117,AID: Hypothesis-Grounded Probing for Conversational Recommendation,Rajarshee Dhar:Cisco Systems Inc;Vivek Kumar Singh:Cisco Systems India Pvt. Ltd;Ambrose Taylor:Cisco Systems Inc;M. David Hanes:Cisco Systems Inc;Yogesh Ramdoss:Pure Storage
wk1118s,Less is More: Benchmarking LLM Based Recommendation Agents,"Mahalakshmi Venkateswarlu:Georgia Institute of Technology;Kargi Chauhan:University of California, Santa Cruz"
wk1120,HierFusion: Adaptive Multi-Granularity Fusion for Document Recommendation,Rajarshee Dhar:Cisco Systems Inc;Vivek Kumar Singh:Cisco Systems India Pvt. Ltd;Ambrose Taylor:Cisco Systems Inc
wk1121,LLMs as Orchestrators: Constraint-Compliant Multi-Agent Optimization for Recommendation Systems,Guilin Zhang:Workday AI;Kai Zhao:Workday AI;Jeffrey Friedman:Workday AI;Xu Chu:Workday AI
wk1122,RobustExplain: Evaluating Robustness of LLM-Based Explanation Agents for Recommendation,Guilin Zhang:Workday AI;Kai Zhao:Workday AI;Jeffrey Friedman:Workday AI;Xu Chu:Workday AI
wk1123,Campaign-2-PT-RAG: LLM-Guided Semantic Product Type Attribution for Scalable Campaign Ranking,Yiming Che:Walmart Global Tech;Mansi Ranjit Mane:Walmart Global Tech;Keerthi Gopalakrishnan:Walmart Global Tech;Parisa Kaghazgaran:Walmart Global Tech;Murali Mohana Krishna Dandu:Walmart Global Tech;Archana Venkatachalapathy:Walmart Global Tech;Sinduja Subramaniam:Walmart Global Tech;Yokila Arora:Walmart Global Tech;Evren Korpeoglu:Walmart Global Tech;Sushant Kumar:Walmart Global Tech;Kannan Achan:Walmart Global Tech
wk1126s,SCORE: Story Coherence and Retrieval Enhancement for AI Narratives,"Qiang Yi,Yangfan He,Jianhui Wang,Xinyuan Song,Kuan Lu,ShiYao Qian,Xinhang Yuan,Yi Xin,Yijin Wang,Jingqun Tang,Yuchen Li,Hongyang He,Zhen Tian,Tianxiang Xu,Keqin Li,Menghao Huo,Jiaqi Chen,Miao Zhang,Tianyu Shi,Jianyuan Ni"
wk1200i,Multimodal Content Analysis for Social Good,Surendrabikram Thapa:Virginia Tech;Usman Naseem:Macquarie University;Roy Ka-Wei Lee:Singapore University of Technology and Design;Mehwish Nasim:University of Western Australia
wk1225,Concept-Grounded Detection of Vaccine Misinformation in Multimodal Content Using Interpretable Vision-Language Models,Laxmi Thapa:O.P. Jindal Global University;Aryaman Jain:Delhi Technological University;Lakshmojee Koduru:Google;Surabhi Adhikari:Columbia University;Junaid Rashid:Sejong University;Jungeun Kim:Inha University;Surendrabikram Thapa:Virginia Tech;Usman Naseem:Macquarie University
wk1226,Constitutional Agents: Auditing and Mitigating Intersectional Bias in Multimodal Decision-Making Chains,Ke Zhu
wk1242,UniSafe: Modality-Agnostic Hateful Content Detection via Shared-Space Projection,"Siam Shibly Antar:School of Computer Science, McGill University;Syem Shibly Ador:School of Computer Science, Macquarie University;Steven H. H. Ding:School of Information Studies, McGill University;Benjamin C. M. Fung:School of Information Studies, McGill University"
wk1246,Frugal Agents: Efficient Bio Reasoning via Long-Sequence Compression and Prompt-Gated Memory,Mohammadhossein Ahmadi:Macquarie University;Saleh Afzoon:Macquarie University;Kamyar Taeb:Macquarie University;Parimehr Morassa Far:Macquarie University;Amin Beheshti:Macquarie University
wk1247L,Mixture of Orthogonal Decomposition for Semantically Generalisable Multimodal Deepfake Detection with Deepfake Manifold Disentanglement,"Qian Liu:TU Berlin;Zongxiong Chen:Fraunhofer FOKUS;Sonja Schimmler:Fraunhofer FOKUS,TU Berlin;Manfred Hauswirth:Fraunhofer FOKUS,TU Berlin"
wk1262,Fair Geolocation Extraction from Humanitarian Documents Using Large Language Models,"Gianmarco Cafferata:Universidad de San Andrés;Tiziano Demarco:Universidad de San Andrés;Kyriaki Kalimeri:ISI Foundation;Yelena Mejova:ISI Foundation;Mariano Gastón Beiró:Universidad de San Andrés,CONICET"
wk1265,From Code to Rubrics: A Multimodal Evaluation of LLM Systems for Automated Feedback Generation,Muhammad Haseeb:Texas Tech University;Ahmad Imam Amjad:University of Punjab;Maaz Amjad:Texas Tech University;Victor S. Sheng:Texas Tech University
wk1267,MAF-GAN: Modality-Aware Fusion GAN for Multimodal Fake News Detection,"Ali Anaissi:School of Computer Science, The University of Sydney,TD School, University of Technology Sydney;Junaid Akram:School of Computer Science, The University of Sydney;Xiaojie Lin:School of Computer Science, University of Technology Sydney;Morteza Saberi:School of Computer Science, University of Technology, Sydney;Ali Braytee:School of Computer Science, University of Technology, Sydney"
wk1276,"Multimodal Deployment Risks in Manufacturing AI: A Survey of Boundary Failures, Taxonomy, and Governance in Industry 5.0",Jialu Yang:Cardiff University;Taotao Cai:University of Southern Queensland;Kaize Shi:University of Southern Queensland
wk1278,Fed-S2: Adversarially Disentangled Federated Multimodal RAG for Safety-Critical Long-Tail Fault Diagnosis,"Qianqi Zhang:Faculty of Innovation Engineering, Macau University of Science and Technology;Zeling Xu:School of Engineering, Hong Kong University of Science and Technology;Caichun Cen:Faculty of Innovation Engineering, Macau University of Science and Technology;Yuntao Zou:School of Computer Science and Technology, Huazhong University of Science and Technology;Hongyan Liu:Faculty of Innovation Engineering, Macau University of Science and Technology;Yaohua Deng:Guangdong University of Technology;Hao Wu:Xiaohua (Shanghai) Internet Technology Co., Ltd;Zhiyong Liao:College of Life and Environmental Science, Wenzhou University;Zihui Lin:Faculty of Innovation Engineering, Macau University of Science and Technology;Dagang Li:Faculty of Innovation Engineering, Macau University of Science and Technology;Wei Wang:Engineering Research Centre of Applied Technology on Machine Translation and Artificial Intelligence, Macao Polytechnic University"
wk1279,"No Evidence, No Problem: When Less is More for Out of Context Multimodal Misinformation Detection","Siyuan Chen:School of Engineering, The University of Western Australia;Usman Naseem:School of Computing, Macquarie University;Mehwish Nasim:School of Physics, Mathematics and Computing, The University of Western Australia"
wk1288,Do You Think What I Think? A Qualitative Study for Maximising User Engagement through Latent Visual Properties,Md Rafiqul Islam:Charles Darwin University;Bem Le Hunte:University of Technology Sydney;Alice Xiaodan Dong:University of Technology Sydney;Dan Ferreira:University of Technology Sydney;Feng Yu:University of Technology Sydney;Sami Azam:Charles Darwin University;Weidong Huang:University of Technology Sydney
wk1289,"Exploring the Influence of Lifestyle, Social Health, and Demographic Factors on Psychological Well-being and Engagement Levels","Niranjana Arun Menon:School of Computer Science and Engineering, UNSW;Md Rafiqul Islam:Discipline of Information Technology, Charles Darwin University;Mohamed Reda Bouadjenek:School of Information Technology, Deakin University;Shoaib Jameel:School of Electronics and Computer Science, University of Southampton;Eran Segal:Division of Biology and Life Science, MBZUAI;Imran Razzak:Division of Biology and Life Science, MBZUAI"
wk1290,Can Thinking Models Think to Detect Hateful Memes?,"Mohamed Bayan Kmainasi:Computer Science and Engineering, Qatar. University;Mucahid Kutlu:Computer Science and Engineering, Qatar University;Ali Ezzat Shahroor:QCRI;Abul Hasnat:APAVI.AI,Blackbird.AI;Firoj Alam:QCRI"
wk1291,Semi-supervised Instruction Tuning for Large Language Models on Text-Attributed Graphs,Zixing Song:University of Bristol;Irwin King:The Chinese University of Hong Kong
wk1293,Analyzing the Impact of Image Novelty and Text Emotion on Meme Engagement,Sumeet Kumar:Indian School of Business;Aditya Bobde:University of Minnesota;Rakesh Mallipeddi:The Ohio State University
wk1400i,The 2nd Workshop on Social Science Meets Web Data: Reproducible and Reusable Computational Approaches (R2CASS),Fakhri Momeni:GESIS - Leibniz Institute for the Social Sciences;Arnim Bleier:GESIS - Leibniz Institute for the Social Sciences;Danilo Dessì:University of Sharjah;Muhammad Taimoor Khan:GESIS - Leibniz Institute for the Social Sciences
wk1404k,Social Bias Benchmarks for Large Language Models,Yue Feng
wk1412k,From Code to Executable Method: Making Your Code Both Methods Hub and MyBinder Ready,Muhammad Taimoor Khan:GESIS Leibniz-Institute for the Social Sciences;Fakhri Momeni:GESIS - Leibniz Institute for the Social Sciences;Arnim Bleier:GESIS-Leibniz Institute for the Social Sciences
wk1480,Who Shapes Web Standards? Uncovering the Main Topics of Interest in the W3C,"Henrique S. Xavier:NIC.br;Beatriz Rocha:NIC.br;Diogo Cortiz:NIC.br,PUC-SP"
wk1481s,Exploring Philosophical and Ideological Dimensions in Melancholic Instagram Comments: A Mixed-Methods Text Analytics Approach,"Nikita Sharma,Saravanan K N,Ramamurthy B"
wk1482s,Data Workflow Acceleration: A Smart System for Redundancy Elimination in Machine Learning Pipelines,Ahmed Sarwar Mohammed:Judson University
wk1483,The Verification Crisis: Expert Perceptions of GenAI Disinformation and the Case for Reproducible Provenance,"Alexander Loth:Frankfurt University of Applied Sciences;Martin Kappes:Frankfurt University of Applied Sciences;Marc-Oliver Pahl:IMT Atlantique, UMR IRISA, Chaire Cyber CNI"
wk1484,Automating Computational Reproducibility in Social Science: Comparing Prompt-Based and Agent-Based Approaches,Syed Mehtab Hussain Shah:GESIS - Leibniz-Institut für Sozialwissenschaften;Frank Hopfgartner:University of Koblenz;Arnim Bleier:GESIS - Leibniz-Institut für Sozialwissenschaften
wk1500i,"SemTech 2026: The 4th International Workshop on AI and Semantic Technologies for the Scientific, Technical, and Legal Web","Danilo Dessì:Computer Science Department, College of Computing and Informatics, University of Sharjah;Rima Dessì:Higher Colleges of Technology;Jeenu Joy:FIZ Karlsruhe — Leibniz Institute for Information Infrastructure;Hidir Aras:FIZ Karlsruhe — Leibniz Institute for Information Infrastructure;Francesco Osborne:KMi, The Open University,University of Milano-Bicocca"
wk1568,The LOPE Method: Improving Consistent Property Extraction for Scientific Knowledge Graphs Using LLMs,Sandra Schaftner:Chemnitz University of Technology;Martin Gaedke:Chemnitz University of Technology
wk1569,ORKG Properties Ontology Consolidated: LLM-Driven Refinement of Crowdsourced Knowledge for Machine-Actionability,Sandra Schaftner:Chemnitz University of Technology;Martin Gaedke:Chemnitz University of Technology
wk1570,Reasoning-Search-Augmented Large Language Models: A Survey and Taxonomy,"Biswas Poudel:Department of Computer Science & Engineering, Texas A&M University;Nilson Chapagain:Department of Statistics, Texas A&M University;Amit Kumar:College of Engineering and Computer Science, Texas A&M University;Xianshun Jiang:Department of Computer Science & Engineering, Texas A&M University"
wk1571,Beyond the Rules: Understanding the Design Logic of Internet Standards,"Jie Bian:Networks and Distributed Systems, Department of Informatics, University of Oslo;Michael Welzl:Networks and Distributed Systems, Department of Informatics, University of Oslo;Nikolay Arefyev:Language Technology, Department of Informatics, University of Oslo"
wk1572s,A Position Paper on Domain-Adaptive Text Classification and Abstractive Summarization using Semantic Enrichment and Transformer Models,Emmanuel Iko-Ojo Simon:Australian National University;Blessing Emedolu:University of Jos;Joshua Angyu:University of Jos
wk1573,"The Atomic Instruction Gap: Instruction-Tuned LLMs Struggle with Simple, Self-Contained Directives",Henry Lim:Singapore University of Technology and Design;Kwan Hui Lim:Singapore University of Technology and Design
wk1574,Saliency-Guided Embedding Alignment for Query-to-Document Legal Case Retrieval,"Yu-Han Shi:National Chung Hsing University,Smart Sustainable New Agriculture Research Center;Yao-Chung Fan:National Chung Hsing University,Smart Sustainable New Agriculture Research Center"
wk1600,16th Temporal Web Analytics Workshop (TempWeb),"Marc Spaniol:Université Caen Normandie, ENSICAEN, CNRS, Normandie Univ, GREYC UMR6072;Omar Alonso:Amazon;Ricardo Baeza-Yates:KTH, Royal Institute of Technology,Universitat Pompeu Fabra"
wk1606k,Global AI Incidents: Analysis and Trends,"Marko Grobelnik:AI Department, Jozef Stefan Institute"
wk1607,SLS: A Scalable Logic Subgraph Framework for Temporal Web Analytics and Hybrid Search,"Jiajia Nie:Shandong University;Zekun Yin:Shandong University;Haoliang Sun:Shandong University;Weipeng Jiang:The Theory Lab, Central Research, Huawei Technologies Company Ltd.;Wei Han:The Theory Lab, Central Research, Huawei Technologies Company Ltd.;Bo Bai:The Theory Lab, Central Research, Huawei Technologies Company Ltd."
wk1608,Scalable Anomaly Detection for Temporal Web Streams via Approximate Nearest Neighbor Search,Chuangen Gao:Qilu University of Technology (Shandong Academy of Sciences);Haoliang Sun:Shandong University;Zekun Yin:Shandong University;Weipeng Jiang:Huawei Technologies Company Ltd.;Wei Han:Huawei Technologies Company Ltd.;Bo Bai:Huawei Technologies Company Ltd.
wk1635,Community-Preserving Temporal Graph Backboning via Joint Spectral Analysis of Laplacians,"Carmela Comito:Institute for High Performance Computing and Networking, National Research Council of Italy (ICAR-CNR);Annalisa Socievole:Institute for High Performance Computing and Networking, National Research Council of Italy (ICAR-CNR)"
wk1636,The State of the Internet: Insights from Security Indicators,Florian Nettersheim:Federal Office for Information Security;Stephan Arlt:Federal Office for Information Security
wk1639,MiningWeb Evolution: A Dataset of DOM Changes Across Websites,Hilal Taha:University of Luxembourg;Jeongju Sohn:Kyungpook National University;Michail Papadakis:University of Luxembourg
wk1657s,(wk-s) Early Warning Framework for Predicting Web-Scale Collapse,Mary Lai Salvana:University of Connecticut;Oshani Seneviratne:Rensselaer Polytechnic Institute
wk1675,ImVision: Adapting Pretrained Vision Models for Time-Series Imputation,Alireza Shammasi:Macquarie University;Amin Beheshti:Macquarie University;Milad Mosharraf:Domain Group;Min Li:Domain Group;Pooyan Asgari:Domain Group;Yuankai Qi:Macquarie University
wk1676,Using Psycholinguistic Features for Multiplex Community Detection in Temporal Social Networks,"Karolina Malgorzata Sliwa:Institute for Complex Networks, WU Vienna;Ema Kahr:Institute for Complex Networks, WU Vienna;Mark Strembeck:Institute for Complex Networks, WU Vienna"
wk1677,PerQA: A Benchmark for Temporally Sensitive Questions on Heterogeneous Personal Data,Philipp Christmann:CISPA Helmholtz Center for Information Security;Gerhard Weikum:Max Planck Institute for Informatics
wk1678,Benchmarking Temporal Web3 Intelligence: Lessons from the FinSurvival 2025 Challenge,"Oshani Seneviratne:Rensselaer Polytechnic Institute;Fernando Spadea:Rensselaer Polytechnic Institute;Adrien Pavao:Codabench, MLChallenges;Aaron Green:Vassar College;Kristin Bennett:Rensselaer Polytechnic Institute"
wk1680,Suicide Risk Prediction via Comment‑Influenced Mental State Trajectories,Jun Li:The Hong Kong Polytechnic University;Xiangmeng Wang:The Hong Kong Polytechnic University;Ziyan Zhang:The Hong Kong University of Science and Technology;Qun Zhao:The Hong Kong Polytechnic University;Hong Va Leong:The Hong Kong Polytechnic University;Qing Li:The Hong Kong Polytechnic University
wk1683s,Temporal Challenges in Data-Driven Scenario-Building for Climate-Neutral Cities,"Dirk Ahlers:NTNU – Norwegian University of Science and Technology;Sagnik Bhattacharjee:ECOTEN Urban Comfort;Jiří Tencar:UCEEB, Czech University in Prague"
wk1700,Trustworthy Foundation Models for Web Intelligence: Causal Perspectives and Challenges,Haoang Chi:Tsinghua University;Qi Wang:Tsinghua University;Jiantong Jiang:The University of Melbourne;Jiangchao Yao:Shanghai Jiao Tong University;Feng Liu:The University of Melbourne;Bo Han:Hong Kong Baptist University
wk1705,Eroding the Truth-Default: A Causal Analysis of Human Susceptibility to Foundation Model Hallucinations and Disinformation in the Wild,"Alexander Loth:Frankfurt University of Applied Sciences;Martin Kappes:Frankfurt University of Applied Sciences;Marc-Oliver Pahl:IMT Atlantique, UMR IRISA, Chaire Cyber CNI"
wk1706,WITHDRAWN 2/2 by chairs -- UniLGT: A Unified Low-Label Training Framework for Graph Transformers,Jingyu He:Need Affiliation
wk1707,LLM and AI Agent: Golden Rule is All We Need,Djallel Bouneffouf:Affiliation Required
wk1713,Hierarchical Prompt Contrastive Learning for Weakly Supervised Histopathology Segmentation,"Zengmao Wang:School of Computer Science, Wuhan University;Ming Hu:School of Computer Science, Wuhan University;Chaoyang Zhou:School of Computer Science, Wuhan University;Shiying Sun:Institute of Automation，Chinese Academy of Sciences;Qingping Zheng:School of Computer Science, Zhejiang University;Leifei Zhang:School of Computer Science, Wuhan University;Yongchao Xu:School of Computer Science, Wuhan University;Bo Du:School of Computer Science, Wuhan University"
wk1714s,(wk-s)From Fiction to Referential Harm: Causal Perspectives on Narrative Integrity in LLMs,Manodyna K H
wk1716s,(wk-s)When Fiction Becomes Instruction: A Causal Failure of Robustness in Foundation Models,Manodyna K H
wk1719,TRACE: Transparent Web Reliability Assessment with Contextual Explanations,"Joydeep Chandra:Dept. of CST, BNRIST, Tsinghua University;Aleksandr Algazinov:Dept. of CST, Tsinghua University;Satyam Kumar Navneet:Independent Researcher;Rim El Filali:Dept. of CST, Tsinghua University;Matt Laing:Dept. of Psych. & Cog. Sci., Tsinghua University;Andrew Hanna:Sch. of Mater. Sci. & Eng., Tsinghua University;Yong Zhang:Dept. of CST, BNRIST, Tsinghua University"
wk1720,Multi-Branch Cooperation Networks for Enhanced Click-Through Rate Prediction in Large-Scale E-Commerce Search,Xu Chen:Taobao & Tmall Group of Alibaba;Zida Cheng:Taobao & Tmall Group of Alibaba;Shuai Xiao:Taobao & Tmall Group of Alibaba;Chen Ju:Taobao & Tmall Group of Alibaba;Xiaoming Liu:Xi'an Jiaotong University;Jinsong Lan:Taobao & Tmall Group of Alibaba;Xiaoyong Zhu:Taobao & Tmall Group of Alibaba;Bo Zheng:Taobao & Tmall Group of Alibaba
wk1721,Struggling at the Start: Structural Causes of Decoding Difficulty in Code Generation,Yuqi Zhu:Academy of Military Sciences;Jia Li:Wuhan University;Jiang Hao:Academy of Military Sciences;Shengze Li:Academy of Military Sciences;Jieyuan Zhang:Academy of Military Sciences;Ang Li:Academy of Military Sciences
wk1737L,Prediction Guardian: A Distribution-based Real-time Anomaly Detection and Mitigation Framework for Online Advertising,Gaurav Nagar:Meta;Yang Jin:Meta;Heesuk Son:Meta;Mohit Asudani:Meta;Shubham Gupta:Meta;Xing Zhang:Meta;Kestutis Patiejunas:Meta;Atul Goyal:Meta;Huan Guo:Meta;Jing Maggie Ma:Meta;Yijia Liu:Meta;Yi Meng:Meta;Bilal Fadlallah:Meta
wk1800i,TIME 2026: 2nd International Workshop on Transformative Insights in Multi-faceted Evaluation,"Lei Wang:Griffith University,Data61/CSIRO;Md Zakir Hossain:Curtin University;Tom Gedeon:Curtin University;Zicheng Pan:Griffith University;Syed Islam:Edith Cowan University;Rafiqul Islam:Charles Sturt University;Yasmeen George:Monash University;Shreya Ghosh:The University of Queensland"
wk1806,Fine-Grained Visual Understanding for Multimodal and Trustworthy AI,"Syuan-Hao Li:Griffith University;Yi-Jui Huang:National Yang Ming Chiao Tung University;Lei Wang:Griffith University,Data61/CSIRO;Yongsheng Gao:Griffith University"
wk1807,Decentralised Trust Layers for the Web: Towards Transparent AI-Powered Platforms,"Quazi Ehsanul Kabir Mamun:School of Computing, Mathematics and Engineering, Charles Sturt University;Md Rafiqul Islam:School of Computing, Mathematics and Engineering, Charles Sturt University"
wk1809,Beyond Fine-Tuning: The Present and Future of Parameter-Efficient Fine-Tuning in Vision Transformers,"Edwin Kwadwo Tenagyei:Griffith University;Lei Wang:School of Engineering and Built Environment — Electrical and Electronic Engineering, Griffith University,Data61, Commonwealth Scientific and Industrial Research Organisation;Yongsheng Gao:School of Engineering and Built Environment — Electrical and Electronic Engineering, Griffith University"
wk1812,RadioAR: Autoregressive Modeling for Accurate Radio Map Estimation,"Peilin Zheng:Xidian University;Xiucheng Wang:Xidian University;Wenshuo Chen:The Hong Kong University of Science and Technology (Guangzhou);Ruijin Sun:Xidian University;Lei Wang:Griffith University,Data61/CSIRO;Yutao Yue:The Hong Kong University of Science and Technology (Guangzhou),Institute of Deep Perception Technology, JITRI;Nan Cheng:Xidian University"
wk1813,Evaluating Trustworthiness in Reactive Web Architectures: A Structured Framework and Comparative Analysis,Shrinivass Arunachalam Balasubramanian:Independent Researcher
wk1814,Trust Degradation in Multimodal Time-Series Predictive Maintenance Systems,"Theodore Omeche:Independent Researcher;Joseph Azeta:Department of Mechatronics Engineering, Faculty of Engineering, Bells University of Technology"
wk1815,Rethinking Object Detection and Tracking,"Arpit Sharma:Christ University;Lei Wang:Griffith University,Data61/CSIRO;Yongsheng Gao:Griffith University"
wk1818,An Edge Computing Framework for Deep Learning-Based Anomaly Detection in Satellite-Linked Autonomous Vehicles,Md Mehedi Hasan:Charles Sturt University;Maumita Bhattacharya:CHARLES STURT UNIVERSITY;Md Rafiqul Islam:Charles Sturt University
wk1819,Privacy-Aware Machine Unlearning with SISA for Reinforcement Learning–Based Ransomware Detection,Jannatul Ferdous:Charles Sturt University;Rafiqul Islam:Charles Sturt University;Md Zahidul Islam:Charles Sturt University
wk1820,How Quantum Period Finding Breaks Rivest Shamir Adleman Algorithms,"Md Sarwar Kamal:School of System and Computing, UNSW Canberra;Sonia Farhana Nimmy:School of Business, UNSW Canberra;Ripon Chakrabortty:School of System and Computing, UNSW Canberra;Md Zakir Hossain:School of Medicine and Psychology, The Australian National University;Md Rafiqul Islam:Charles Sturt University"
wk1822,Guided Path Sampling: Steering Diffusion Models Back on Track with Principled Path Guidance,"Haosen Li:The Hong Kong University of Science and Technology (Guangzhou);Wenshuo Chen:The Hong Kong University of Science and Technology (Guangzhou);shaofeng liang:The Hong Kong University of Science and Technology (Guangzhou);Lei Wang:Griffith University,Data61/CSIRO;Haozhe Jia:The Hong Kong University of Science and Technology (Guangzhou);Yutao Yue:The Hong Kong University of Science and Technology (Guangzhou),Institute of Deep Perception Technology, JITRI"
wk1823,Towards Better Evaluation Metrics for Text-to-Motion Generation,"Wenshuo Chen:The Hong Kong University of Science and Technology (Guangzhou);Haozhe Jia:The Hong Kong University of Science and Technology (Guangzhou);Kuimou Yu:The Hong Kong University of Science and Technology (Guangzhou);Songning Lai:The Hong Kong University of Science and Technology (Guangzhou);Lei Wang:Griffith University & Data61/CSIRO;Yutao Yue:The Hong Kong University of Science and Technology (Guangzhou),JITRI, Institute of Deep Perception Technology"
wk1827,Graph Aggregation Beyond Homophily Assumption: a more meaningful way to model networks,Lucy Lu:Arkansas State University;Ming Lu:Fudan University
wk1829,Talking-Head Generation in Practice,"Zhicheng Zhang:University of New South Wales;Lei Wang:Griffith University,Data61/CSIRO;Yongsheng Gao:Griffith University;Yu Zhang:University of New South Wales"
wk1835,Feasibility of Cryptography In a Blockchain-Enhanced ICS Security,Kazi Kamal:Charles Sturt University;Rafiqul Islam:Charles Sturt University;Azizur Rahman:Charles Sturt University
wk1860,Orchestrating Heterogeneous Experts: A Scalable MoE Framework with Anisotropy-Preserving Fusion,Ye Liu:Alibaba International Digital Commerce Group;Wuji Chen:Alibaba International Digital Commerce Group;Xu Chen:Alibaba International Digital Commerce Group;Mang Li:Alibaba International Digital Commerce Group
wk1861,Measuring Privacy Risks and Tradeoffs in Financial Synthetic Data Generation,Michael Zuo:Rensselaer Polytechnic Institute;Inwon Kang:Rensselaer Polytechnic Institute;Stacy Patterson:Rensselaer Polytechnic Institute;Oshani Seneviratne:Rensselaer Polytechnic Institute
wk1900,wk-i - International Workshop on Trustworthy Multimodal Learning for Social Media Analysis,Fengmao Lv:Southwest Jiaotong University;Jingwei Sun:ByteDance;Guosheng Lin:Nanyang Technological University
wk1926,GeoPBR: Multimodal-Guided PBR Material Generation from a Single View,Luying Zhou:University of Electronic Science and Technology of China;Guowu Yang:University of Electronic Science and Technology of China
wk1927,HGSA: Heterogeneity-Guided Sarcasm Adaptation for Video Sentiment Analysis via Polarity Disentanglement,"Tiansheng Fang:School of Computer Science and Engineering, University of Electronic Science and Technology of China;Guowu Yang:School of Computer Science and Engineering, University of Electronic Science and Technology of China,Institute of Electronics and Information Industry Technology of Kash"
wk1928,wk - Sparse Causal Latent Features for Robust Multimodal Learning under Distribution Shifts,"Liang Cao:Massachusetts Institute of Technology;Weide Liu:Nanyang Technological University;Yan Qin:School of Automation, Chongqing University;Zhenghua Chen:The Agency for Science, Technology and Research;Zhuo Chen:PengCheng Laboratory;Bhushan Gopaluni:University of British Columbia"
wk1929s,Evidential Mixture-of-Experts for Sentiment Regression,Yankai Yu:Southwest Jiaotong University;Zhuyang Xie:Sichuan Agricultural University;Xiaofan Li:Sichuan Agricultural University;Yan Yang:Southwest Jiaotong University;Bo Peng:Southwest Jiaotong University;Yu He:Southwest Jiaotong University
wk1930,wk - Synthetic Media Detection Using Benford's Law,"Utkarsh Mishra,Mujtaba Shaikh"
wk1931,wk - PLM: Point-Language Maps for Zero-shot Object Goal Navigation,"Shengxiang Luo:Southwest Jiaotong University;Haonan Luo:Southwest Jiaotong University;Wenjing Yang:Seattle University;Yang Bai:SUGON Industrial Control and Security Center, Chengdu University of Information Technology;Tianrui Li:Southwest Jiaotong University"
wk1932s,Task-Aligned Unlearning for Multimodal Large Language Models,Tianyu Zhang:University of Science and Technology of China;Chenlu Ding:University of Science and Technology of China;Junfeng Fang:National University of Singapore;Jiancan Wu:University of Science and Technology of China;Xiang Wang:University of Science and Technology of China
wk1933s,StructProbe: Learning to Diagnose Structural Corruptions in AI-Generated Images,"Wenjie Liao,Jiaxin Song,Haotian Fan"
wk1934,Unsupervised Multi-Source Causal Feature Selection,"Zijing Wang:Joint Laboratory of Data Science and Business Intelligence, School of Statistics and Data Science, Southwestern University of Finance and Economics;Minghui Lu:Joint Laboratory of Data Science and Business Intelligence, School of Statistics and Data Science, Southwestern University of Finance and Economics;Minbo Ma:Insitute for Carbon Neutrality, Tsinghua University;Yanyong Huang:Joint Laboratory of Data Science and Business Intelligence, School of Statistics and Data Science, Southwestern University of Finance and Economics"
wk1935,EmoTg: Modeling Social Response to Telegram Posts Using LLM and NLP Features,Sergei O. Kurashkin:Bauman Moscow State Technical University;Ivan P. Malashin:Bauman Moscow State Technical University;Dmitry A. Martysyuk:Bauman Moscow State Technical University;Vladimir A. Nelyub:Bauman Moscow State Technical University;Igor S. Masich:Bauman Moscow State Technical University;Andrei P. Gantimurov:Bauman Moscow State Technical University;Aleksei S. Borodulin:Bauman Moscow State Technical University;Vadim S. Tynchenko:Bauman Moscow State Technical University
wk2000i,Workshop on Emerging Trends in Web Advertising,"Ehsan Toreini,Muadh Al Kalbani"
wk2023,Towards Automated Brand-Safety Detection: A Novel Dataset and Comparative Analysis of Language Models,Xin Peng:University of Toronto;Gerald Penn:University of Toronto
wk2025,Feedback Control for Small Budget Campaigns in Advertising,Sreeja Apparaju:Snap Inc.;Yichuan Niu:Snap Inc.;Xixi Qi:Snap Inc.
wk2027,Calculating Narrative Tension for Ad Placement in Online Narrative Fiction,Vedansh Mehta:University of Toronto;Sajad Shirali-Shahreza:Amirkabir University;Gerald Penn:University of Toronto
wk2064,Anatomy of Generative Scam Campaigns in Online Advertising Ecosystems,"Ewelina Bartuzi-Trokielewicz:NASK - National Research Institute;Alicja Martinek:AGH University of Kraków,NASK - National Research Institute"
wk2072,Smart Fast Finish: Preventing Overdelivery via Daily Budget Pacing at DoorDash,"Rohan Garg:Department of Computer Science, Purdue University;Yongjin Xiao:DoorDash;Dianxia Yang:DoorDash;Mandar Rahurkar:DoorDash, Inc"
wk2073,WITHDRAWN 2/2 email from chairs -- HarmonRank: Ranking-aligned Multi-objective Ensemble for Live-streaming E-commerce Recommendation,Boyang Xia:Kuaishou Technology
wk2100i,WebAndTheCity 12th International Smart City Workshop - Data-Driven Smart Cities,"Leonidas Anthopoulos:Department of Business Administration, University of Thessaly;Marijn Janssen:Faculty of Technology, Policy and Management, Delft University of Technology;Vishanth Weerakkody:University of Bradford"
wk2109,A Toolset for Modelling Non-Mediated Governance,"Alois Paulin:University of Applied Sciences,Jožef Stefan Institute"
wk2110,Boltzmann Interaction Models with Gibbs Decision Policies in Multi-Drone Urban Delivery Systems,Vitaly A. Krasikov:Bauman Moscow State Technical University;Ivan P. Malashin:Bauman Moscow State Technical University;Aleksei S. Borodulin:Bauman Moscow State Technical University;Andrei P. Gantimurov:Bauman Moscow State Technical University;Dmitry A. Martysyuk:Bauman Moscow State Technical University;Vladimir A. Nelyub:Bauman Moscow State Technical University;Igor S. Masich:Bauman Moscow State Technical University;Vadim S. Tynchneko:Bauman Moscow State Technical University
wk2111,LLM-Enabled Participatory Platforms for People-Centric Smart Cities,Miguel Domingues:OneSource;Marco Neto:OneSource;Amanda Silva:OneSource;Tomas Dias:OneSource;Luis Rosa:OneSource;Pedro Tomas:OneSource;Carla Guerra:Instituto Pedro Nunes;Vania Martins:Associação Oficina de Planeamento e Participação;Luis Cordeiro:OneSource
wk2112,Super-Resolution of Urban Socioeconomic Indicators via Graph-Based Recommender Systems,"Francesco Paolo Nerini:Department of Computer, Control and Management Engineering, Sapienza University of Rome;Claudio Borile:Independent;Antonio Ferrara:Intesa Sanpaolo AI Research;André Panisson:Intesa Sanpaolo AI Research"
wk2115,Closed-Loop Intelligence Architectures for Data-Driven Smart Cities,"João Fernandes:OneSource;José Guimarães:OneSource;André S. de Carvalho:OneSource;Luís Rosa:OneSource;Arush Mendon:Institute of Systems and Robotics, University of Coimbra;David Portugal:Institute of Systems and Robotics, University of Coimbra;Carlos Viegas:University of Coimbra, ADAI, Department of Mechanical Engineering;Luís Cordeiro:OneSource"
wk2117,A Contrastive Learning and Prompt-Driven Framework for Low-Resource User Geolocation,Menglin Li:Singapore University of Technology and Design;Kwan Hui Lim:Singapore University of Technology and Design
wk2118s,Big Data and AI in Smart City Negotiations: A Literature Review,"Leonidas Anthopoulos:Department of Business Administration, University of Thessaly;Dimitris Apostolopoulos:Department of Business Administration, University of Thessaly"
wk2300,ZABAPAD 2026: 1st Workshop on Zero-knowledge Proof and Blockchain for WEB 4.0: Advancing the Post-quantum and Decentralized Era,Shiho Kim:Yonsei University;Ho Suk:Yonsei University;Roberto Di Pietro:King Abdullah University of Science and Technology;Davor Svetinovic:Khalifa University;Kyunghi Chang:Inha University;Madhusudan Singh:Pennsylvania State University;Rakesh Shrestha:Research Institutes of Sweden
wk2301,Economics Model for Federated LLM Training via Blockchain,Soumyadeep Das:The Pennsylvania State University;Madhusudan Singh:The Pennsylvania State University
wk2303s,Hadamard-Aware Bit-wise PIM Architecture via Butterfly Adder-Tree Reuse,"Dohyun Kim:BK21 Graduate Program for Intelligent Semiconductor Technology, Yonsei University;Junghwan Choi:BK21 Graduate Program for Intelligent Semiconductor Technology, Yonsei University;Shiho Kim:BK21 Graduate Program for Intelligent Semiconductor Technology, Yonsei University"
wk2304s,A Taxonomy-Driven Cryptographic Dependency Inventory for Post-Quantum Migration in Decentralized Systems: Triage Rules and a Worked Example,"Euimin Lee:School of Integrated technology/BK21 Graduate Program in Intelligent Semiconductor Technology, Yonsei University;Hyeonseong Jung:School of Integrated technology/BK21 Graduate Program in Intelligent Semiconductor Technology, Yonsei University;Yunah Choi:School of Integrated technology/BK21 Graduate Program in Intelligent Semiconductor Technology, Yonsei University;Junyong Lee:School of Integrated technology/BK21 Graduate Program in Intelligent Semiconductor Technology, Yonsei University;Jeihee Cho:School of Integrated technology/BK21 Graduate Program in Intelligent Semiconductor Technology, Yonsei University;Seokhyeon Son:Yonsei University;Shiho Kim:School of Integrated technology/BK21 Graduate Program in Intelligent Semiconductor Technology, Yonsei University"
wk2308s,Verifiable Dropout: Turning Randomness into a Verifiable Claim,Kichang Lee:Yonsei University;Sungmin Lee:Yonsei University;Jaeho Jin:Yonsei University;Jeonggil Ko:Yonsei University
wk2310s,Trustless Feedback: Preserving Privacy and Integrity in Crowdsourced RLHF via Zero-Knowledge Proofs,"Jihoon Oh:Hyundai Heavy Industries,Yonsei University;Junyong Lee:BK21 Graduate Program in Intelligent Semiconductor Technology, Yonsei University;Jeihee Cho:BK21 Graduate Program in Intelligent Semiconductor Technology, Yonsei University;Hyeonseong Jung:BK21 Graduate Program in Intelligent Semiconductor Technology, Yonsei University;Eumin Lee:BK21 Graduate Program in Intelligent Semiconductor Technology, Yonsei Universiry;Yunah Choi:BK21 Graduate Program in Intelligent Semiconductor Technology, Yonsei University;Shiho Kim:Yonsei University"
wk2311s,Blind-QEM: A Privacy-Preserving Framework for Quantum Error Mitigation via Zero-Knowledge Proofs,"Junyong Lee:BK21 Graduate Program in Intelligent Semiconductor Technology, Yonsei University;Jeihee Cho:BK21 Graduate Program in Intelligent Semiconductor Technology, Yonsei University;Hyeonseong Jung:BK21 Graduate Program in Intelligent Semiconductor Technology, Yonsei University;Euimin Lee:BK21 Graduate Program in Intelligent Semiconductor Technology, Yonsei University;Yunah Choi:BK21 Graduate Program in Intelligent Semiconductor Technology, Yonsei University;Seokhyeon Son:Yonsei University;Shiho Kim:Yonsei University"
wk2316,PAC to the Future: Zero-Knowledge Proofs of PAC Private Systems,Guilhem Repetto:ENS Rennes;Nojan Sheybani:UC San Diego;Gabrielle De Micheli:UC San Diego;Farinaz Koushanfar:UC San Diego
wk2317,SoK: Zero-Knowledge Proof Systems — An Empirical and Theoretical Comparison of SNARKs and STARKs,Ayush Nainwal:IIT Jodhpur;Atharva Kamble:IIT Jodhpur;Nitin Awathare:IIT Jodhpur
wk2320s,Decentralized Video Provenance at the Edge: Blockchain-Assisted Integrity for Security Camera Streams,Marco Vela-Koentarjo:The Pennsylvania State University;Madhusudan Singh:The Pennsylvania State University
wk2321s,Statistical Analysis of 12V Power Load Uncertainty Using Conditional Probability for SDV Energy Management,Gyeongmin Han:Yonsei University;Sungmin Lee:Yonsei University;Joonhee Lee:Yonsei University;Kichang Lee:Yonsei University;Jeonggil Ko:Yonsei University
wk2394s,ZK-V: Zero-Knowledge Verification for Trustworthy Autonomous Driving Simulation,"Giwoong Kim:School of Integrated technology/BK21 Graduate Program in Intelligent Semiconductor Technology, Yonsei University;Youjeong Son:School of Integrated technology/BK21 Graduate Program in Intelligent Semiconductor Technology, Yonsei University;Shiho Kim:School of Integrated technology/STL, Yonsei University"
wk2395s,A USIM-less Identity Authentication System based on Zero-Knowledge Proofs,"Minyong Eom:School of Integrated technology, Yonsei University;Danyung Kyung:School of Integrated technology/BK21 Graduate Program in Intelligent Semiconductor Technology, Yonsei University;Shiho Kim:School of Integrated technology/STL, Yonsei University"
wk2396,"Blockchain-Enabled, W3C Standards-Compliant Decentralized Zero-Knowledge Proof Framework for Mobile Identity Authentication","Cheolwoo Ryu:School of Integrated technology, Yonsei University;Danyung Kyung:School of Integrated technology, Yonsei University;Shiho Kim:School of Integrated technology, Yonsei University"
wk2397s,Learning-Based Optimization of Atomic Arbitrage in Decentralized Financial Systems,"Syahirul Faiz:Center for Secure Cyber-Physical Systems, Department of Computer Science, Khalifa University;Huned Materwala:Center for Secure Cyber-Physical Systems, Department of Computer Science, Khalifa University;Davor Svetinovic:Center for Secure Cyber-Physical Systems, Department of Computer Science, Khalifa University,ADIA Lab"
wk2398s,Spatial Discretization for Fine-Grain Zone Checks with STARKs,"Sungmin Lee:BK21 Graduate Program in Intelligent Semiconductor Technology, Yonsei University;Kichang Lee:BK21 Graduate Program in Intelligent Semiconductor Technology, Yonsei University;Gyeongmin Han:Yonsei University;Jeonggil Ko:Yonsei University"
wk2399s,Now or Never: Continuous Surveillance AIoT System for Ephemeral Events in Intermittent Sensor Networks,Joonhee Lee:Yonsei University;Kichang Lee:Yonsei University;Jeonggil Ko:Yonsei University